{"cameraMode":{"drawMode":0,"name":"Shaded","section":"Shading Mode"},"sceneLighting":true,"audioPlay":false,"sceneViewState":{"m_AlwaysRefresh":false,"showFog":true,"showSkybox":true,"showFlares":true,"showImageEffects":true,"showParticleSystems":true,"showVisualEffectGraphs":true,"m_FxEnabled":true},"in2DMode":false,"pivot":{"x":-13.75629711151123,"y":12.875143051147461,"z":27.89755630493164},"rotation":{"x":-0.45803001523017886,"y":0.009864378720521927,"z":-0.005083067342638969,"w":-0.8888674974441528},"size":26.92158317565918,"orthographic":false}