{"cameraMode":{"drawMode":0,"name":"Shaded","section":"Shading Mode"},"sceneLighting":true,"audioPlay":false,"sceneViewState":{"m_AlwaysRefresh":false,"showFog":true,"showSkybox":true,"showFlares":true,"showImageEffects":true,"showParticleSystems":true,"showVisualEffectGraphs":true,"m_FxEnabled":true},"in2DMode":false,"pivot":{"x":26.6812686920166,"y":26.260822296142579,"z":21.124759674072267},"rotation":{"x":0.5966448783874512,"y":-0.0012077422579750419,"z":0.0008978336700238287,"w":0.802511990070343},"size":31.798410415649415,"orthographic":false}