{"cameraMode":{"drawMode":0,"name":"Shaded","section":"Shading Mode"},"sceneLighting":true,"audioPlay":false,"sceneViewState":{"m_AlwaysRefresh":false,"showFog":true,"showSkybox":true,"showFlares":true,"showImageEffects":true,"showParticleSystems":true,"showVisualEffectGraphs":true,"m_FxEnabled":true},"in2DMode":false,"pivot":{"x":21.71059799194336,"y":6.569037914276123,"z":21.98339080810547},"rotation":{"x":-0.5053806900978088,"y":-0.0008000152884051204,"z":0.0004209387698210776,"w":-0.8629236817359924},"size":28.863285064697267,"orthographic":false}