{"cameraMode":{"drawMode":0,"name":"Shaded","section":"Shading Mode"},"sceneLighting":true,"audioPlay":false,"sceneViewState":{"m_AlwaysRefresh":false,"showFog":true,"showSkybox":true,"showFlares":true,"showImageEffects":true,"showParticleSystems":true,"showVisualEffectGraphs":true,"m_FxEnabled":true},"in2DMode":false,"pivot":{"x":-17.323896408081056,"y":5.630041599273682,"z":22.50395965576172},"rotation":{"x":-0.5053737163543701,"y":-0.002073954325169325,"z":0.0012124290224164725,"w":-0.8629099130630493},"size":26.3570613861084,"orthographic":false}