{"cameraMode":{"drawMode":0,"name":"Shaded","section":"Shading Mode"},"sceneLighting":true,"audioPlay":false,"sceneViewState":{"m_AlwaysRefresh":false,"showFog":true,"showSkybox":true,"showFlares":true,"showImageEffects":true,"showParticleSystems":true,"showVisualEffectGraphs":true,"m_FxEnabled":true},"in2DMode":false,"pivot":{"x":51.25316619873047,"y":27.142318725585939,"z":26.137008666992189},"rotation":{"x":-0.6505393385887146,"y":0.00501093128696084,"z":-0.004291058052331209,"w":-0.7594499588012695},"size":5.0796942710876469,"orthographic":false}